<?xml version="1.0" encoding="UTF-8" standalone="no"?>
<window xmlns="http://schemas.haulmont.com/cuba/window.xsd"
        caption="msg://editorCaption"
        class="com.company.bpmsamples.web.contract.ContractEdit"
        datasource="contractDs"
        focusComponent="fieldGroup"
        messagesPack="com.company.bpmsamples.web.contract">
    <dsContext>
        <datasource id="contractDs"
                    class="com.company.bpmsamples.entity.Contract"
                    view="_local"/>
    </dsContext>
    <dialogMode height="600"
                width="800"/>
    <layout expand="windowActions"
            spacing="true">
        <fieldGroup id="fieldGroup"
                    datasource="contractDs">
            <column width="250px">
                <field property="number"/>
                <field property="date"/>
                <field property="amount"/>
            </column>
        </fieldGroup>
        <groupBox caption="msg://processActions" spacing="true" width="300px">
            <frame id="procActionsFrame" screen="procActionsFrame" width="100%"/>
        </groupBox>
        <frame id="windowActions"
               screen="editWindowActions"/>
    </layout>
</window>
