{"resourceId":"1","properties":{"process_id":"contractApproval-1","name":"Contract approval - 1","documentation":"","process_author":"","process_version":"","process_namespace":"http://www.activiti.org/processdef","executionlisteners":"","eventlisteners":"{\"eventListeners\":\"[{\\\"className\\\": \\\"com.haulmont.bpm.core.engine.listener.BpmActivitiListener\\\", \\\"implementation\\\": \\\"com.haulmont.bpm.core.engine.listener.BpmActivitiListener\\\", \\\"event\\\": \\\"TASK_CREATED, TASK_ASSIGNED, PROCESS_COMPLETED, TIMER_FIRED, ACTIVITY_CANCELLED, ENTITY_DELETED\\\", \\\"events\\\": [{\\\"event\\\": \\\"TASK_CREATED\\\"}, {\\\"event\\\": \\\"TASK_ASSIGNED\\\"}, {\\\"event\\\": \\\"PROCESS_COMPLETED\\\"}, {\\\"event\\\": \\\"TIMER_FIRED\\\"}, {\\\"event\\\": \\\"ACTIVITY_CANCELLED\\\"}, {\\\"event\\\": \\\"ENTITY_DELETED\\\"}]}]\"}","signaldefinitions":"","messagedefinitions":"","procroles":"\"[{\\\"code\\\": \\\"approver\\\", \\\"name\\\": \\\"Approver\\\"}]\"","localization":""},"stencil":{"id":"BPMNDiagram"},"childShapes":[{"resourceId":"sid-34D146C0-9E44-4380-AE4B-5D36497F756D","properties":{"overrideid":"","name":"","documentation":"","executionlisteners":"","initiator":"","startform":{"name":"start-contract-approval-form","caption":"start-contract-approval-form","params":[]}},"stencil":{"id":"StartNoneEvent"},"childShapes":[],"outgoing":[{"resourceId":"sid-542E1838-5B44-455F-8B99-48697F3ED8E8"}],"bounds":{"lowerRight":{"x":90,"y":135},"upperLeft":{"x":60,"y":105}},"dockers":[]},{"resourceId":"sid-2564227C-0778-4D78-9219-C47EE782207B","properties":{"overrideid":"","name":"Approval","documentation":"","asynchronousdefinition":"false","exclusivedefinition":"false","executionlisteners":"","multiinstance_type":"None","multiinstance_cardinality":"","multiinstance_collection":"auto_evaluation","multiinstance_variable":"","multiinstance_condition":"","isforcompensation":"false","usertaskassignment":"","duedatedefinition":"","prioritydefinition":"","tasklisteners":"","taskoutcomes":[{"name":"approve","form":{"name":"standardProcForm","caption":"Standard form","params":[]}},{"name":"reject","form":{"name":"standardProcForm","caption":"Standard form","params":[]}}],"taskprocrole":"approver","claimallowed":"false"},"stencil":{"id":"UserTask"},"childShapes":[],"outgoing":[{"resourceId":"sid-E89F3EB2-BB8E-47B4-A63F-38D654DBFAF3"},{"resourceId":"sid-80D39949-8188-40EE-B649-F7101801EC12"}],"bounds":{"lowerRight":{"x":280,"y":170},"upperLeft":{"x":180,"y":90}},"dockers":[]},{"resourceId":"sid-542E1838-5B44-455F-8B99-48697F3ED8E8","properties":{"overrideid":"","name":"","documentation":"","conditionsequenceflow":"","executionlisteners":"","defaultflow":"false","flowoutcome":""},"stencil":{"id":"SequenceFlow"},"childShapes":[],"outgoing":[{"resourceId":"sid-2564227C-0778-4D78-9219-C47EE782207B"}],"bounds":{"lowerRight":{"x":179.404296875,"y":130},"upperLeft":{"x":90.12109375,"y":120}},"dockers":[{"x":15,"y":15},{"x":135.25,"y":120},{"x":135.25,"y":130},{"x":50,"y":40}],"target":{"resourceId":"sid-2564227C-0778-4D78-9219-C47EE782207B"}},{"resourceId":"sid-808B3242-A659-46D8-8844-79CC84AEBED9","properties":{"overrideid":"","name":"","documentation":"","executionlisteners":""},"stencil":{"id":"EndNoneEvent"},"childShapes":[],"outgoing":[],"bounds":{"lowerRight":{"x":429.5,"y":144},"upperLeft":{"x":401.5,"y":116}},"dockers":[]},{"resourceId":"sid-E89F3EB2-BB8E-47B4-A63F-38D654DBFAF3","properties":{"overrideid":"","name":"","documentation":"","conditionsequenceflow":"","executionlisteners":"","defaultflow":"false","flowoutcome":""},"stencil":{"id":"SequenceFlow"},"childShapes":[],"outgoing":[{"resourceId":"sid-808B3242-A659-46D8-8844-79CC84AEBED9"}],"bounds":{"lowerRight":{"x":401.45703125,"y":130},"upperLeft":{"x":280.2734375,"y":130}},"dockers":[{"x":50,"y":40},{"x":14,"y":14}],"target":{"resourceId":"sid-808B3242-A659-46D8-8844-79CC84AEBED9"}},{"resourceId":"sid-45F337EA-E1D5-4347-AE87-8A036ADD52E7","properties":{"overrideid":"","name":"","documentation":"","executionlisteners":""},"stencil":{"id":"EndNoneEvent"},"childShapes":[],"outgoing":[],"bounds":{"lowerRight":{"x":429.5,"y":313},"upperLeft":{"x":401.5,"y":285}},"dockers":[]},{"resourceId":"sid-BB605987-0232-4553-AE2C-F72B316A9998","properties":{"overrideid":"","name":"","documentation":"","conditionsequenceflow":"","executionlisteners":"","defaultflow":"false","flowoutcome":""},"stencil":{"id":"SequenceFlow"},"childShapes":[],"outgoing":[{"resourceId":"sid-45F337EA-E1D5-4347-AE87-8A036ADD52E7"}],"bounds":{"lowerRight":{"x":400.8671875,"y":299},"upperLeft":{"x":241,"y":187.3184541236095}},"dockers":[{"x":15.999999999999984,"y":16},{"x":241,"y":299},{"x":14,"y":14}],"target":{"resourceId":"sid-45F337EA-E1D5-4347-AE87-8A036ADD52E7"}},{"resourceId":"sid-80D39949-8188-40EE-B649-F7101801EC12","properties":{"overrideid":"","name":"","documentation":"","timercycledefinition":"","timerdatedefinition":"","timerdurationdefinition":"${automaticApprovalPeriod}","timerenddatedefinition":"","cancelactivity":true,"timeroutcome":"approve"},"stencil":{"id":"BoundaryTimerEvent"},"childShapes":[],"outgoing":[{"resourceId":"sid-BB605987-0232-4553-AE2C-F72B316A9998"}],"bounds":{"lowerRight":{"x":265.20212145128494,"y":186.3636593063689},"upperLeft":{"x":234.20212145128497,"y":155.3636593063689}},"dockers":[{"x":63.5,"y":68}]}],"bounds":{"lowerRight":{"x":1200,"y":1050},"upperLeft":{"x":0,"y":0}},"stencilset":{"url":"stencilsets/bpmn2.0/bpmn2.0.json","namespace":"http://b3mn.org/stencilset/bpmn2.0#"},"ssextensions":[]}