{"resourceId":"15001","properties":{"process_id":"taskExecution-1","name":"Task execution - 1","documentation":"","process_author":"","process_version":"","process_namespace":"http://www.activiti.org/processdef","executionlisteners":"","eventlisteners":{"eventListeners":[{"className":"com.haulmont.bpm.core.engine.listener.BpmActivitiListener","implementation":"com.haulmont.bpm.core.engine.listener.BpmActivitiListener","event":"TASK_CREATED, TASK_ASSIGNED, PROCESS_COMPLETED, TIMER_FIRED, ACTIVITY_CANCELLED, ENTITY_DELETED","events":[{"event":"TASK_CREATED","$$hashKey":"08W"},{"event":"TASK_ASSIGNED","$$hashKey":"08X"},{"event":"PROCESS_COMPLETED","$$hashKey":"08Y"},{"event":"TIMER_FIRED","$$hashKey":"08Z"},{"event":"ACTIVITY_CANCELLED","$$hashKey":"090"},{"event":"ENTITY_DELETED","$$hashKey":"091"}]},{"event":"ACTIVITY_STARTED","implementation":"com.company.bpmsamples.core.bpm.listeners.UpdateProcessStateListener","className":"com.company.bpmsamples.core.bpm.listeners.UpdateProcessStateListener","delegateExpression":"","retrowEvent":false,"events":[{"event":"ACTIVITY_STARTED","$$hashKey":"08U"}]}]},"signaldefinitions":"","messagedefinitions":"","procroles":"\"[{\\\"code\\\": \\\"initiator\\\", \\\"name\\\": \\\"Initiator\\\"}, {\\\"code\\\": \\\"executor\\\", \\\"name\\\": \\\"Executor\\\"}]\"","localization":""},"stencil":{"id":"BPMNDiagram"},"childShapes":[{"resourceId":"sid-FB296364-1295-4B71-B5FF-0C59DA2848EE","properties":{"overrideid":"","name":"","documentation":"","executionlisteners":"","initiator":"","startform":""},"stencil":{"id":"StartNoneEvent"},"childShapes":[],"outgoing":[{"resourceId":"sid-161C6B77-82D1-4479-8723-9DA90EAE1BB9"}],"bounds":{"lowerRight":{"x":73.5,"y":166},"upperLeft":{"x":43.5,"y":136}},"dockers":[]},{"resourceId":"sid-41F4D531-87AB-48B9-BC97-F521A336774C","properties":{"overrideid":"","name":"Execution","documentation":"","asynchronousdefinition":"false","exclusivedefinition":"false","executionlisteners":"","multiinstance_type":"None","multiinstance_cardinality":"","multiinstance_collection":"auto_evaluation","multiinstance_variable":"","multiinstance_condition":"","isforcompensation":"false","usertaskassignment":"","duedatedefinition":"","prioritydefinition":"","tasklisteners":"","taskoutcomes":[{"name":"completed","form":{"name":"standardProcForm","caption":"Standard form","params":[]}}],"taskprocrole":"executor","claimallowed":"false"},"stencil":{"id":"UserTask"},"childShapes":[],"outgoing":[{"resourceId":"sid-D9C18680-DCE9-459C-9B69-7C8B0EE03FD2"}],"bounds":{"lowerRight":{"x":235,"y":191},"upperLeft":{"x":135,"y":111}},"dockers":[]},{"resourceId":"sid-161C6B77-82D1-4479-8723-9DA90EAE1BB9","properties":{"overrideid":"","name":"","documentation":"","conditionsequenceflow":"","executionlisteners":"","defaultflow":"false","flowoutcome":""},"stencil":{"id":"SequenceFlow"},"childShapes":[],"outgoing":[{"resourceId":"sid-41F4D531-87AB-48B9-BC97-F521A336774C"}],"bounds":{"lowerRight":{"x":134.5859375,"y":151},"upperLeft":{"x":74.32421875,"y":151}},"dockers":[{"x":15,"y":15},{"x":50,"y":40}],"target":{"resourceId":"sid-41F4D531-87AB-48B9-BC97-F521A336774C"}},{"resourceId":"sid-6EB50CB2-C5ED-4A7B-9B71-C67782D986AA","properties":{"overrideid":"","name":"\n","documentation":"","asynchronousdefinition":"false","exclusivedefinition":"false","sequencefloworder":{"sequenceFlowOrder":["sid-5EBF7526-C49B-4C36-A33E-E7708B9336BA","sid-3C2389EC-287C-41DD-B012-38512FE38195"]}},"stencil":{"id":"ExclusiveGateway"},"childShapes":[],"outgoing":[{"resourceId":"sid-5EBF7526-C49B-4C36-A33E-E7708B9336BA"},{"resourceId":"sid-3C2389EC-287C-41DD-B012-38512FE38195"}],"bounds":{"lowerRight":{"x":370,"y":171},"upperLeft":{"x":330,"y":131}},"dockers":[]},{"resourceId":"sid-D9C18680-DCE9-459C-9B69-7C8B0EE03FD2","properties":{"overrideid":"","name":"","documentation":"","conditionsequenceflow":"","executionlisteners":"","defaultflow":"false","flowoutcome":""},"stencil":{"id":"SequenceFlow"},"childShapes":[],"outgoing":[{"resourceId":"sid-6EB50CB2-C5ED-4A7B-9B71-C67782D986AA"}],"bounds":{"lowerRight":{"x":329.4589889386365,"y":151.43643199075117},"upperLeft":{"x":235.13280793636352,"y":151.15145863424883}},"dockers":[{"x":50,"y":40},{"x":20.5,"y":20.5}],"target":{"resourceId":"sid-6EB50CB2-C5ED-4A7B-9B71-C67782D986AA"}},{"resourceId":"sid-655598F9-31A3-44D4-AD04-A2CCE80A2C92","properties":{"overrideid":"","name":"Acceptance","documentation":"","asynchronousdefinition":"false","exclusivedefinition":"false","executionlisteners":"","multiinstance_type":"None","multiinstance_cardinality":"","multiinstance_collection":"auto_evaluation","multiinstance_variable":"","multiinstance_condition":"","isforcompensation":"false","usertaskassignment":"","duedatedefinition":"","prioritydefinition":"","tasklisteners":"","taskoutcomes":[{"name":"accept","form":{"name":"standardProcForm","caption":"Standard form","params":[]}}],"taskprocrole":"initiator","claimallowed":"false"},"stencil":{"id":"UserTask"},"childShapes":[],"outgoing":[{"resourceId":"sid-84DCD683-89D3-4693-AD57-38D6AFB7C623"}],"bounds":{"lowerRight":{"x":655,"y":191},"upperLeft":{"x":555,"y":111}},"dockers":[]},{"resourceId":"sid-5EABC05D-5730-44D6-AE32-002839B47035","properties":{"overrideid":"","name":"Task completed \nwith acceptance","documentation":"","executionlisteners":""},"stencil":{"id":"EndNoneEvent"},"childShapes":[],"outgoing":[],"bounds":{"lowerRight":{"x":793,"y":165},"upperLeft":{"x":765,"y":137}},"dockers":[]},{"resourceId":"sid-84DCD683-89D3-4693-AD57-38D6AFB7C623","properties":{"overrideid":"","name":"","documentation":"","conditionsequenceflow":"","executionlisteners":"","defaultflow":"false","flowoutcome":""},"stencil":{"id":"SequenceFlow"},"childShapes":[],"outgoing":[{"resourceId":"sid-5EABC05D-5730-44D6-AE32-002839B47035"}],"bounds":{"lowerRight":{"x":764.40625,"y":151},"upperLeft":{"x":655.6171875,"y":151}},"dockers":[{"x":50,"y":40},{"x":14,"y":14}],"target":{"resourceId":"sid-5EABC05D-5730-44D6-AE32-002839B47035"}},{"resourceId":"sid-8B0F3F36-EFEC-4486-A332-8B7C0AAD6963","properties":{"overrideid":"","name":"Task completed \nwithout acceptance","documentation":"","executionlisteners":""},"stencil":{"id":"EndNoneEvent"},"childShapes":[],"outgoing":[],"bounds":{"lowerRight":{"x":364,"y":268},"upperLeft":{"x":336,"y":240}},"dockers":[]},{"resourceId":"sid-3C2389EC-287C-41DD-B012-38512FE38195","properties":{"overrideid":"","name":"","documentation":"","conditionsequenceflow":"","executionlisteners":"","defaultflow":true,"flowoutcome":""},"stencil":{"id":"SequenceFlow"},"childShapes":[],"outgoing":[{"resourceId":"sid-8B0F3F36-EFEC-4486-A332-8B7C0AAD6963"}],"bounds":{"lowerRight":{"x":350.40137200925597,"y":239.38673064746763},"upperLeft":{"x":350.07128424074403,"y":171.71873810253237}},"dockers":[{"x":20.5,"y":20.5},{"x":14,"y":14}],"target":{"resourceId":"sid-8B0F3F36-EFEC-4486-A332-8B7C0AAD6963"}},{"resourceId":"sid-5EBF7526-C49B-4C36-A33E-E7708B9336BA","properties":{"overrideid":"","name":"acceptance required","documentation":"","conditionsequenceflow":"${acceptanceRequired ==true}","executionlisteners":"","defaultflow":false,"flowoutcome":""},"stencil":{"id":"SequenceFlow"},"childShapes":[],"outgoing":[{"resourceId":"sid-655598F9-31A3-44D4-AD04-A2CCE80A2C92"}],"bounds":{"lowerRight":{"x":554.2929706798927,"y":151.4609259922493},"upperLeft":{"x":370.3886699451072,"y":151.0996208827507}},"dockers":[{"x":20.5,"y":20.5},{"x":50,"y":40}],"target":{"resourceId":"sid-655598F9-31A3-44D4-AD04-A2CCE80A2C92"}}],"bounds":{"lowerRight":{"x":1200,"y":1050},"upperLeft":{"x":0,"y":0}},"stencilset":{"url":"stencilsets/bpmn2.0/bpmn2.0.json","namespace":"http://b3mn.org/stencilset/bpmn2.0#"},"ssextensions":[]}